,Supplier_Lead_Time,Inventory_Levels,Order_Frequency,Delivery_Performance,Cost_Per_Unit
Supplier_Lead_Time,1.0,0.2914363521903089,-0.902813146471236,-0.9110490692503649,0.9661343169113069
Inventory_Levels,0.2914363521903089,1.0,-0.24477126959819503,-0.25012750893828023,0.28522911268715123
Order_Frequency,-0.902813146471236,-0.24477126959819503,1.0,0.818304582884074,-0.8703451545237783
Delivery_Performance,-0.9110490692503649,-0.25012750893828023,0.818304582884074,1.0,-0.8916493555616586
Cost_Per_Unit,0.9661343169113069,0.28522911268715123,-0.8703451545237783,-0.8916493555616586,1.0
